norssi_3514	wikidata	https://www.wikidata.org/wiki/Q6370417
norssi_3514	image	http://commons.wikimedia.org/wiki/Special:FilePath/KariSuomalainen.jpg
norssi_3514	VIAF	https://viaf.org/viaf/35266732
norssi_3514	Kansallisbiografia	http://www.kansallisbiografia.fi/kb/artikkeli/1396
norssi_3697	wikidata	https://www.wikidata.org/wiki/Q11858470
norssi_3697	VIAF	https://viaf.org/viaf/53428448
norssi_3697	Kansallisbiografia	http://www.kansallisbiografia.fi/kb/artikkeli/7672
norssi_3031	wikidata	https://www.wikidata.org/wiki/Q17382191
norssi_3031	Kansallisbiografia	http://www.kansallisbiografia.fi/kb/artikkeli/8542
norssi_5745	wikidata	https://www.wikidata.org/wiki/Q7336421
norssi_640	wikidata	https://www.wikidata.org/wiki/Q11856432
norssi_640	Kansallisbiografia	http://www.kansallisbiografia.fi/kb/artikkeli/1942
norssi_685	wikidata	https://www.wikidata.org/wiki/Q11902050
norssi_685	Kansallisbiografia	http://www.kansallisbiografia.fi/kb/artikkeli/1943
norssi_2876	wikidata	https://www.wikidata.org/wiki/Q16158813
norssi_5661	wikidata	https://www.wikidata.org/wiki/Q18632299
norssi_5661	image	http://commons.wikimedia.org/wiki/Special:FilePath/Sampo%20Ahto-282.jpg
norssi_5661	VIAF	https://viaf.org/viaf/103217848
norssi_5516	wikidata	https://www.wikidata.org/wiki/Q16160041
norssi_7485	wikidata	https://www.wikidata.org/wiki/Q11852048
norssi_7485	image	http://commons.wikimedia.org/wiki/Special:FilePath/Antti%20Alanen.jpg
norssi_61	wikidata	https://www.wikidata.org/wiki/Q17384613
norssi_820	wikidata	https://www.wikidata.org/wiki/Q16160563
norssi_820	VIAF	https://viaf.org/viaf/22122990
norssi_820	Kansallisbiografia	http://www.kansallisbiografia.fi/kb/artikkeli/2808
norssi_3324	wikidata	https://www.wikidata.org/wiki/Q11852050
norssi_1374	wikidata	https://www.wikidata.org/wiki/Q7930193
norssi_1374	image	http://commons.wikimedia.org/wiki/Special:FilePath/Vilho%20Annala.jpg
norssi_1374	VIAF	https://viaf.org/viaf/280397088
norssi_1374	Kansallisbiografia	http://www.kansallisbiografia.fi/kb/artikkeli/820
norssi_1642	wikidata	https://www.wikidata.org/wiki/Q11875544
norssi_4243	wikidata	https://www.wikidata.org/wiki/Q11869366
norssi_3525	wikidata	https://www.wikidata.org/wiki/Q5495092
norssi_3525	Kansallisbiografia	http://www.kansallisbiografia.fi/kb/artikkeli/5346
norssi_6464	wikidata	https://www.wikidata.org/wiki/Q9384373
norssi_6464	image	http://commons.wikimedia.org/wiki/Special:FilePath/AarnoArvela2008.jpg
norssi_6690	wikidata	https://www.wikidata.org/wiki/Q17380031
norssi_5945	wikidata	https://www.wikidata.org/wiki/Q13570026
norssi_5945	VIAF	https://viaf.org/viaf/308698935
norssi_8576	wikidata	https://www.wikidata.org/wiki/Q13570026
norssi_8576	VIAF	https://viaf.org/viaf/308698935
norssi_3070	wikidata	https://www.wikidata.org/wiki/Q699071
norssi_3070	image	http://commons.wikimedia.org/wiki/Special:FilePath/Teuvo-Aura-1965.jpg
norssi_3070	VIAF	https://viaf.org/viaf/53047102
norssi_3070	Kansallisbiografia	http://www.kansallisbiografia.fi/kb/artikkeli/659
norssi_2342	wikidata	https://www.wikidata.org/wiki/Q5396569
norssi_2342	image	http://commons.wikimedia.org/wiki/Special:FilePath/Fritz-Hugo%20Backman.jpg
norssi_9071	wikidata	https://www.wikidata.org/wiki/Q4716022
norssi_9071	image	http://commons.wikimedia.org/wiki/Special:FilePath/Aleksi%20Bardy%20in%20Jussi%20Award.jpg
norssi_9071	VIAF	https://viaf.org/viaf/291200085
norssi_5042	wikidata	https://www.wikidata.org/wiki/Q920593
norssi_5042	image	http://commons.wikimedia.org/wiki/Special:FilePath/Paavo-Berglund-1960s.jpg
norssi_5042	VIAF	https://viaf.org/viaf/115500036
norssi_5042	Kansallisbiografia	http://www.kansallisbiografia.fi/kb/artikkeli/1457
norssi_7907	wikidata	https://www.wikidata.org/wiki/Q18688411
norssi_3	wikidata	https://www.wikidata.org/wiki/Q15634972
norssi_3	VIAF	https://viaf.org/viaf/68762045
norssi_3	ULAN	http://vocab.getty.edu/page/ulan/500093631
norssi_3	Kansallisbiografia	http://www.kansallisbiografia.fi/kb/artikkeli/3308
norssi_4001	wikidata	https://www.wikidata.org/wiki/Q8059647
norssi_4001	VIAF	https://viaf.org/viaf/57742028
norssi_4001	Kansallisbiografia	http://www.kansallisbiografia.fi/kb/artikkeli/6981
norssi_1637	wikidata	https://www.wikidata.org/wiki/Q16166262
norssi_403	wikidata	https://www.wikidata.org/wiki/Q4093363
norssi_403	image	http://commons.wikimedia.org/wiki/Special:FilePath/Ilmari-Bonsdorff-1920.jpg
norssi_403	VIAF	https://viaf.org/viaf/88588209
norssi_403	Kansallisbiografia	http://www.kansallisbiografia.fi/kb/artikkeli/7310
norssi_2273	wikidata	https://www.wikidata.org/wiki/Q11861815
norssi_2273	VIAF	https://viaf.org/viaf/69915063
norssi_2273	Kansallisbiografia	http://www.kansallisbiografia.fi/kb/artikkeli/1597
norssi_5662	wikidata	https://www.wikidata.org/wiki/Q16167213
norssi_1033	wikidata	https://www.wikidata.org/wiki/Q11852866
norssi_1033	VIAF	https://viaf.org/viaf/40180354
norssi_1033	Kansallisbiografia	http://www.kansallisbiografia.fi/kb/artikkeli/1387
norssi_56	wikidata	https://www.wikidata.org/wiki/Q16167771
norssi_344	wikidata	https://www.wikidata.org/wiki/Q5391594
norssi_344	Kansallisbiografia	http://www.kansallisbiografia.fi/kb/artikkeli/830
norssi_4	wikidata	https://www.wikidata.org/wiki/Q11857026
norssi_1558	wikidata	https://www.wikidata.org/wiki/Q11901467
norssi_2170	wikidata	https://www.wikidata.org/wiki/Q5405390
norssi_2170	image	http://commons.wikimedia.org/wiki/Special:FilePath/Reino%20Castr%C3%A9n.jpg
norssi_5937	wikidata	https://www.wikidata.org/wiki/Q26922041
norssi_6400	wikidata	https://www.wikidata.org/wiki/Q9384374
norssi_58	wikidata	https://www.wikidata.org/wiki/Q20254159
norssi_3685	wikidata	https://www.wikidata.org/wiki/Q11868745
norssi_4003	wikidata	https://www.wikidata.org/wiki/Q11886263
norssi_4003	image	http://commons.wikimedia.org/wiki/Special:FilePath/Paavo-Einio-Paul-Anka-1959.jpg
norssi_4003	Kansallisbiografia	http://www.kansallisbiografia.fi/kb/artikkeli/1073
norssi_3998	wikidata	https://www.wikidata.org/wiki/Q16171280
norssi_3998	image	http://commons.wikimedia.org/wiki/Special:FilePath/Gregorius%20Ekholm.jpg
norssi_2886	wikidata	https://www.wikidata.org/wiki/Q16298041
norssi_33	wikidata	https://www.wikidata.org/wiki/Q5491877
norssi_6087	wikidata	https://www.wikidata.org/wiki/Q23870333
norssi_180	wikidata	https://www.wikidata.org/wiki/Q466373
norssi_180	VIAF	https://viaf.org/viaf/15140193
norssi_180	Kansallisbiografia	http://www.kansallisbiografia.fi/kb/artikkeli/2881
norssi_2377	wikidata	https://www.wikidata.org/wiki/Q2820019
norssi_2377	image	http://commons.wikimedia.org/wiki/Special:FilePath/Aarne%20ervi%201961.jpg
norssi_2377	VIAF	https://viaf.org/viaf/18341255
norssi_2377	ULAN	http://vocab.getty.edu/page/ulan/500063829
norssi_2377	Kansallisbiografia	http://www.kansallisbiografia.fi/kb/artikkeli/1415
norssi_6340	wikidata	https://www.wikidata.org/wiki/Q11858278
norssi_3567	wikidata	https://www.wikidata.org/wiki/Q6792790
norssi_3567	image	http://commons.wikimedia.org/wiki/Special:FilePath/MauriFaven.jpg
norssi_3567	VIAF	https://viaf.org/viaf/305407200
norssi_3567	Kansallisbiografia	http://www.kansallisbiografia.fi/kb/artikkeli/1381
norssi_181	wikidata	https://www.wikidata.org/wiki/Q4907669
norssi_181	image	http://commons.wikimedia.org/wiki/Special:FilePath/Jalmari%20finne.jpg
norssi_181	VIAF	https://viaf.org/viaf/8627216
norssi_181	Kansallisbiografia	http://www.kansallisbiografia.fi/kb/artikkeli/3210
norssi_365	wikidata	https://www.wikidata.org/wiki/Q11857078
norssi_6192	wikidata	https://www.wikidata.org/wiki/Q5396559
norssi_6192	VIAF	https://viaf.org/viaf/100896564
norssi_5750	wikidata	https://www.wikidata.org/wiki/Q6474394
norssi_5750	VIAF	https://viaf.org/viaf/235486982
norssi_5982	wikidata	https://www.wikidata.org/wiki/Q6453274
norssi_2783	wikidata	https://www.wikidata.org/wiki/Q17380366
norssi_435	wikidata	https://www.wikidata.org/wiki/Q3195304
norssi_435	image	http://commons.wikimedia.org/wiki/Special:FilePath/Bertel%20Gripenberg.png
norssi_435	VIAF	https://viaf.org/viaf/12321668
norssi_435	Kansallisbiografia	http://www.kansallisbiografia.fi/kb/artikkeli/3208
norssi_893	wikidata	https://www.wikidata.org/wiki/Q5473711
norssi_893	image	http://commons.wikimedia.org/wiki/Special:FilePath/Groundsroem%20ensio.jpg
norssi_4415	wikidata	https://www.wikidata.org/wiki/Q4353131
norssi_1061	wikidata	https://www.wikidata.org/wiki/Q21016650
norssi_1061	Kansallisbiografia	http://www.kansallisbiografia.fi/kb/artikkeli/6838
norssi_2173	wikidata	https://www.wikidata.org/wiki/Q17380407
norssi_2173	Kansallisbiografia	http://www.kansallisbiografia.fi/kb/artikkeli/7802
norssi_4071	wikidata	https://www.wikidata.org/wiki/Q16298410
norssi_4071	image	http://commons.wikimedia.org/wiki/Special:FilePath/Tuomas-Haapanen.jpg
norssi_3402	wikidata	https://www.wikidata.org/wiki/Q11866958
norssi_4699	wikidata	https://www.wikidata.org/wiki/Q4561862
norssi_7487	wikidata	https://www.wikidata.org/wiki/Q18632503
norssi_6138	wikidata	https://www.wikidata.org/wiki/Q17380455
norssi_6138	image	http://commons.wikimedia.org/wiki/Special:FilePath/Jaakko-Hakala.jpg
norssi_6138	Kansallisbiografia	http://www.kansallisbiografia.fi/kb/artikkeli/1603
norssi_7270	wikidata	https://www.wikidata.org/wiki/Q11887092
norssi_1720	wikidata	https://www.wikidata.org/wiki/Q18688440
norssi_1720	VIAF	https://viaf.org/viaf/164794291
norssi_2787	wikidata	https://www.wikidata.org/wiki/Q11858281
norssi_2787	image	http://commons.wikimedia.org/wiki/Special:FilePath/ErkkiHalme.jpg
norssi_3196	wikidata	https://www.wikidata.org/wiki/Q17380481
norssi_3196	Kansallisbiografia	http://www.kansallisbiografia.fi/kb/artikkeli/8506
norssi_1730	wikidata	https://www.wikidata.org/wiki/Q11852066
norssi_5519	wikidata	https://www.wikidata.org/wiki/Q25973548
norssi_5519	VIAF	https://viaf.org/viaf/311167135
norssi_1064	wikidata	https://www.wikidata.org/wiki/Q20913236
norssi_5751	wikidata	https://www.wikidata.org/wiki/Q11887098
norssi_3851	wikidata	https://www.wikidata.org/wiki/Q11864615
norssi_3851	VIAF	https://viaf.org/viaf/194459597
norssi_5665	wikidata	https://www.wikidata.org/wiki/Q5797620
norssi_5665	image	http://commons.wikimedia.org/wiki/Special:FilePath/Seppo%20heikinheimo%201984.jpg
norssi_5665	VIAF	https://viaf.org/viaf/17201401
norssi_5665	Kansallisbiografia	http://www.kansallisbiografia.fi/kb/artikkeli/1262
norssi_3690	wikidata	https://www.wikidata.org/wiki/Q17380619
norssi_3690	VIAF	https://viaf.org/viaf/42050671
norssi_4700	wikidata	https://www.wikidata.org/wiki/Q16298794
norssi_3896	wikidata	https://www.wikidata.org/wiki/Q16298812
norssi_3896	Kansallisbiografia	http://www.kansallisbiografia.fi/kb/artikkeli/8204
norssi_5023	wikidata	https://www.wikidata.org/wiki/Q16298833
norssi_6297	wikidata	https://www.wikidata.org/wiki/Q11871963
norssi_6297	VIAF	https://viaf.org/viaf/33328748
norssi_3667	wikidata	https://www.wikidata.org/wiki/Q11885266
norssi_2588	wikidata	https://www.wikidata.org/wiki/Q11896446
norssi_900	wikidata	https://www.wikidata.org/wiki/Q17380798
norssi_900	image	http://commons.wikimedia.org/wiki/Special:FilePath/Kaarlo-Hilden-1932.jpg
norssi_900	VIAF	https://viaf.org/viaf/273043308
norssi_900	Kansallisbiografia	http://www.kansallisbiografia.fi/kb/artikkeli/7312
norssi_3421	wikidata	https://www.wikidata.org/wiki/Q16298977
norssi_3767	wikidata	https://www.wikidata.org/wiki/Q5806258
norssi_3767	VIAF	https://viaf.org/viaf/1280107
norssi_3456	wikidata	https://www.wikidata.org/wiki/Q11887104
norssi_131	wikidata	https://www.wikidata.org/wiki/Q11895937
norssi_1475	wikidata	https://www.wikidata.org/wiki/Q5402826
norssi_1475	image	http://commons.wikimedia.org/wiki/Special:FilePath/Hirvonen.jpg
norssi_1475	Kansallisbiografia	http://www.kansallisbiografia.fi/kb/artikkeli/5584
norssi_5820	wikidata	https://www.wikidata.org/wiki/Q16299036
norssi_1474	wikidata	https://www.wikidata.org/wiki/Q17380839
norssi_2797	wikidata	https://www.wikidata.org/wiki/Q11871968
norssi_2797	Kansallisbiografia	http://www.kansallisbiografia.fi/kb/artikkeli/4989
norssi_3095	wikidata	https://www.wikidata.org/wiki/Q16299140
norssi_6504	wikidata	https://www.wikidata.org/wiki/Q5347128
norssi_6504	image	http://commons.wikimedia.org/wiki/Special:FilePath/Eero%20Huovinen.jpg
norssi_6504	VIAF	https://viaf.org/viaf/18309629
norssi_6504	Kansallisbiografia	http://www.kansallisbiografia.fi/kb/artikkeli/9566
norssi_5904	wikidata	https://www.wikidata.org/wiki/Q11053618
norssi_7196	wikidata	https://www.wikidata.org/wiki/Q17380974
norssi_2390	wikidata	https://www.wikidata.org/wiki/Q5490209
norssi_9661	wikidata	https://www.wikidata.org/wiki/Q16299199
norssi_4108	wikidata	https://www.wikidata.org/wiki/Q16299208
norssi_4108	Kansallisbiografia	http://www.kansallisbiografia.fi/kb/artikkeli/8022
norssi_9934	wikidata	https://www.wikidata.org/wiki/Q16299209
norssi_5405	wikidata	https://www.wikidata.org/wiki/Q16299228
norssi_1377	wikidata	https://www.wikidata.org/wiki/Q11902433
norssi_1377	image	http://commons.wikimedia.org/wiki/Special:FilePath/Hakli%20william.jpg
norssi_1385	wikidata	https://www.wikidata.org/wiki/Q5478854
norssi_1385	Kansallisbiografia	http://www.kansallisbiografia.fi/kb/artikkeli/1612
norssi_3900	wikidata	https://www.wikidata.org/wiki/Q5400532
norssi_3900	image	http://commons.wikimedia.org/wiki/Special:FilePath/Olli%20hameen%20orkesteri.jpg
norssi_3900	Kansallisbiografia	http://www.kansallisbiografia.fi/kb/artikkeli/1069
norssi_7913	wikidata	https://www.wikidata.org/wiki/Q11867430
norssi_7913	VIAF	https://viaf.org/viaf/295269422
norssi_8136	wikidata	https://www.wikidata.org/wiki/Q11886622
norssi_5861	wikidata	https://www.wikidata.org/wiki/Q22696685
norssi_138	wikidata	https://www.wikidata.org/wiki/Q11860800
norssi_138	image	http://commons.wikimedia.org/wiki/Special:FilePath/Gustaf%20Ignatius%20-%201234%2C0489.jpg
norssi_138	Kansallisbiografia	http://www.kansallisbiografia.fi/kb/artikkeli/857
norssi_2520	wikidata	https://www.wikidata.org/wiki/Q14116245
norssi_2520	VIAF	https://viaf.org/viaf/1382911
norssi_2520	Kansallisbiografia	http://www.kansallisbiografia.fi/kb/artikkeli/4010
norssi_7305	wikidata	https://www.wikidata.org/wiki/Q16299284
norssi_1711	wikidata	https://www.wikidata.org/wiki/Q718659
norssi_3490	wikidata	https://www.wikidata.org/wiki/Q11863718
norssi_4826	wikidata	https://www.wikidata.org/wiki/Q11881287
norssi_4826	VIAF	https://viaf.org/viaf/201941711
norssi_3330	wikidata	https://www.wikidata.org/wiki/Q11900737
norssi_3330	image	http://commons.wikimedia.org/wiki/Special:FilePath/Veikko%20Itkonen.jpg
norssi_3330	VIAF	https://viaf.org/viaf/307212033
norssi_3330	Kansallisbiografia	http://www.kansallisbiografia.fi/kb/artikkeli/5040
norssi_6198	wikidata	https://www.wikidata.org/wiki/Q8098448
norssi_6198	image	http://commons.wikimedia.org/wiki/Special:FilePath/Esa%20Itkonen.jpg
norssi_4111	wikidata	https://www.wikidata.org/wiki/Q11865475
norssi_4111	image	http://commons.wikimedia.org/wiki/Special:FilePath/Jaakko%20Jahnukainen%20Tesvisio.jpg
norssi_3784	wikidata	https://www.wikidata.org/wiki/Q1346515
norssi_3784	image	http://commons.wikimedia.org/wiki/Special:FilePath/Max%20Jakobson.jpg
norssi_3784	VIAF	https://viaf.org/viaf/110138477
norssi_3784	Kansallisbiografia	http://www.kansallisbiografia.fi/kb/artikkeli/5006
norssi_6440	wikidata	https://www.wikidata.org/wiki/Q11851896
norssi_6440	VIAF	https://viaf.org/viaf/29460344
norssi_2524	wikidata	https://www.wikidata.org/wiki/Q17381142
norssi_2524	image	http://commons.wikimedia.org/wiki/Special:FilePath/Jorma-Jalava-1965.jpg
norssi_6137	wikidata	https://www.wikidata.org/wiki/Q11890403
norssi_6137	ULAN	http://vocab.getty.edu/page/ulan/500105234
norssi_3204	wikidata	https://www.wikidata.org/wiki/Q2857662
norssi_330	wikidata	https://www.wikidata.org/wiki/Q1699018
norssi_5842	wikidata	https://www.wikidata.org/wiki/Q27074954
norssi_4006	wikidata	https://www.wikidata.org/wiki/Q251247
norssi_4006	image	http://commons.wikimedia.org/wiki/Special:FilePath/Jokipii%20in%20Eura%201992.jpg
norssi_4006	VIAF	https://viaf.org/viaf/7445984
norssi_4006	Kansallisbiografia	http://www.kansallisbiografia.fi/kb/artikkeli/7647
norssi_2260	wikidata	https://www.wikidata.org/wiki/Q21016717
norssi_4740	wikidata	https://www.wikidata.org/wiki/Q17381194
norssi_4740	VIAF	https://viaf.org/viaf/1743975
norssi_1569	wikidata	https://www.wikidata.org/wiki/Q5895272
norssi_4319	wikidata	https://www.wikidata.org/wiki/Q16299491
norssi_285	wikidata	https://www.wikidata.org/wiki/Q5895521
norssi_285	VIAF	https://viaf.org/viaf/27045819
norssi_1127	wikidata	https://www.wikidata.org/wiki/Q6458068
norssi_1127	VIAF	https://viaf.org/viaf/262329715
norssi_1242	wikidata	https://www.wikidata.org/wiki/Q4353175
norssi_5524	wikidata	https://www.wikidata.org/wiki/Q17381289
norssi_6997	wikidata	https://www.wikidata.org/wiki/Q11885417
norssi_6997	VIAF	https://viaf.org/viaf/272743708
norssi_6997	Kansallisbiografia	http://www.kansallisbiografia.fi/kb/artikkeli/7089
norssi_5666	wikidata	https://www.wikidata.org/wiki/Q16299550
norssi_3867	wikidata	https://www.wikidata.org/wiki/Q18632876
norssi_5873	wikidata	https://www.wikidata.org/wiki/Q11853137
norssi_2599	wikidata	https://www.wikidata.org/wiki/Q17381342
norssi_3101	wikidata	https://www.wikidata.org/wiki/Q238940
norssi_3101	image	http://commons.wikimedia.org/wiki/Special:FilePath/Osmo-Kaila.jpg
norssi_3101	VIAF	https://viaf.org/viaf/4081486
norssi_3101	Kansallisbiografia	http://www.kansallisbiografia.fi/kb/artikkeli/8698
norssi_4188	wikidata	https://www.wikidata.org/wiki/Q18632881
norssi_5145	wikidata	https://www.wikidata.org/wiki/Q16299559
norssi_730	wikidata	https://www.wikidata.org/wiki/Q670103
norssi_730	image	http://commons.wikimedia.org/wiki/Special:FilePath/EinoKaila.jpg
norssi_730	VIAF	https://viaf.org/viaf/5739150
norssi_730	Kansallisbiografia	http://www.kansallisbiografia.fi/kb/artikkeli/6994
norssi_6300	wikidata	https://www.wikidata.org/wiki/Q5403473
norssi_6300	VIAF	https://viaf.org/viaf/46501635
norssi_7590	wikidata	https://www.wikidata.org/wiki/Q613637
norssi_7590	VIAF	https://viaf.org/viaf/6441591
norssi_2008	wikidata	https://www.wikidata.org/wiki/Q11853450
norssi_2286	wikidata	https://www.wikidata.org/wiki/Q11858570
norssi_2286	Kansallisbiografia	http://www.kansallisbiografia.fi/kb/artikkeli/762
norssi_9115	wikidata	https://www.wikidata.org/wiki/Q5398989
norssi_9115	image	http://commons.wikimedia.org/wiki/Special:FilePath/Katariina%20Kaitue.jpg
norssi_5712	wikidata	https://www.wikidata.org/wiki/Q16299573
norssi_5712	VIAF	https://viaf.org/viaf/110933396
norssi_5169	wikidata	https://www.wikidata.org/wiki/Q22916801
norssi_5989	wikidata	https://www.wikidata.org/wiki/Q4490750
norssi_3582	wikidata	https://www.wikidata.org/wiki/Q11900526
norssi_2807	wikidata	https://www.wikidata.org/wiki/Q11867162
norssi_7430	wikidata	https://www.wikidata.org/wiki/Q16299635
norssi_4318	wikidata	https://www.wikidata.org/wiki/Q17381445
norssi_7464	wikidata	https://www.wikidata.org/wiki/Q11867727
norssi_4426	wikidata	https://www.wikidata.org/wiki/Q3732993
norssi_875	wikidata	https://www.wikidata.org/wiki/Q8059650
norssi_875	image	http://commons.wikimedia.org/wiki/Special:FilePath/Yrj%C3%B6%20Karilas%20%2815018430036%29.jpg
norssi_3530	wikidata	https://www.wikidata.org/wiki/Q11858322
norssi_227	wikidata	https://www.wikidata.org/wiki/Q20251860
norssi_4113	wikidata	https://www.wikidata.org/wiki/Q27074994
norssi_2403	wikidata	https://www.wikidata.org/wiki/Q24845494
norssi_2403	image	http://commons.wikimedia.org/wiki/Special:FilePath/Aarne%20Kauhanen.jpg
norssi_2651	wikidata	https://www.wikidata.org/wiki/Q5400113
norssi_2651	VIAF	https://viaf.org/viaf/76437909
norssi_5099	wikidata	https://www.wikidata.org/wiki/Q11897735
norssi_1455	wikidata	https://www.wikidata.org/wiki/Q11885600
norssi_2653	wikidata	https://www.wikidata.org/wiki/Q5487379
norssi_3102	wikidata	https://www.wikidata.org/wiki/Q11857114
norssi_4977	wikidata	https://www.wikidata.org/wiki/Q11856733
norssi_3964	wikidata	https://www.wikidata.org/wiki/Q17381591
norssi_3964	Kansallisbiografia	http://www.kansallisbiografia.fi/kb/artikkeli/4417
norssi_1922	wikidata	https://www.wikidata.org/wiki/Q17381599
norssi_785	wikidata	https://www.wikidata.org/wiki/Q11902432
norssi_785	Kansallisbiografia	http://www.kansallisbiografia.fi/kb/artikkeli/6850
norssi_2600	wikidata	https://www.wikidata.org/wiki/Q17381645
norssi_2600	VIAF	https://viaf.org/viaf/50622571
norssi_2600	Kansallisbiografia	http://www.kansallisbiografia.fi/kb/artikkeli/1622
norssi_786	wikidata	https://www.wikidata.org/wiki/Q925081
norssi_786	image	http://commons.wikimedia.org/wiki/Special:FilePath/YrjoKilpinen.jpg
norssi_786	VIAF	https://viaf.org/viaf/39562292
norssi_786	Kansallisbiografia	http://www.kansallisbiografia.fi/kb/artikkeli/1434
norssi_1080	wikidata	https://www.wikidata.org/wiki/Q17381664
norssi_1746	wikidata	https://www.wikidata.org/wiki/Q17381661
norssi_5296	wikidata	https://www.wikidata.org/wiki/Q3055194
norssi_5296	image	http://commons.wikimedia.org/wiki/Special:FilePath/Matti%20Klinge.jpg
norssi_5296	VIAF	https://viaf.org/viaf/103216756
norssi_5296	Kansallisbiografia	http://www.kansallisbiografia.fi/kb/artikkeli/8580
norssi_787	wikidata	https://www.wikidata.org/wiki/Q11852639
norssi_656	wikidata	https://www.wikidata.org/wiki/Q11853414
norssi_3966	wikidata	https://www.wikidata.org/wiki/Q17381753
norssi_2530	wikidata	https://www.wikidata.org/wiki/Q11901434
norssi_7155	wikidata	https://www.wikidata.org/wiki/Q5474703
norssi_5565	wikidata	https://www.wikidata.org/wiki/Q11881604
norssi_3853	wikidata	https://www.wikidata.org/wiki/Q17381810
norssi_3853	Kansallisbiografia	http://www.kansallisbiografia.fi/kb/artikkeli/2019
norssi_577	wikidata	https://www.wikidata.org/wiki/Q11903024
norssi_577	Kansallisbiografia	http://www.kansallisbiografia.fi/kb/artikkeli/1625
norssi_647	wikidata	https://www.wikidata.org/wiki/Q9321776
norssi_2190	wikidata	https://www.wikidata.org/wiki/Q11881609
norssi_2190	VIAF	https://viaf.org/viaf/13688087
norssi_2190	Kansallisbiografia	http://www.kansallisbiografia.fi/kb/artikkeli/7057
norssi_4255	wikidata	https://www.wikidata.org/wiki/Q11858015
norssi_7955	wikidata	https://www.wikidata.org/wiki/Q2614054
norssi_7955	image	http://commons.wikimedia.org/wiki/Special:FilePath/Jari%20Koskinen.jpg
norssi_8706	wikidata	https://www.wikidata.org/wiki/Q5487443
norssi_2096	wikidata	https://www.wikidata.org/wiki/Q5492956
norssi_2096	image	http://commons.wikimedia.org/wiki/Special:FilePath/Eero%20Kosonen.tiff
norssi_1413	wikidata	https://www.wikidata.org/wiki/Q25454150
norssi_2660	wikidata	https://www.wikidata.org/wiki/Q11860804
norssi_2328	wikidata	https://www.wikidata.org/wiki/Q11857125
norssi_2329	wikidata	https://www.wikidata.org/wiki/Q17381881
norssi_2329	Kansallisbiografia	http://www.kansallisbiografia.fi/kb/artikkeli/6403
norssi_4508	wikidata	https://www.wikidata.org/wiki/Q5926277
norssi_4527	wikidata	https://www.wikidata.org/wiki/Q23040606
norssi_102	wikidata	https://www.wikidata.org/wiki/Q17381926
norssi_6304	wikidata	https://www.wikidata.org/wiki/Q4357877
norssi_1058	wikidata	https://www.wikidata.org/wiki/Q4354910
norssi_1058	image	http://commons.wikimedia.org/wiki/Special:FilePath/Kurkiala%20kalervo.jpg
norssi_1058	Kansallisbiografia	http://www.kansallisbiografia.fi/kb/artikkeli/7815
norssi_4691	wikidata	https://www.wikidata.org/wiki/Q23039839
norssi_4691	Kansallisbiografia	http://www.kansallisbiografia.fi/kb/artikkeli/8209
norssi_5063	wikidata	https://www.wikidata.org/wiki/Q11892987
norssi_5063	image	http://commons.wikimedia.org/wiki/Special:FilePath/Seppo%20Kuusela.jpg
norssi_2817	wikidata	https://www.wikidata.org/wiki/Q5393179
norssi_2817	VIAF	https://viaf.org/viaf/34580555
norssi_2817	Kansallisbiografia	http://www.kansallisbiografia.fi/kb/artikkeli/7059
norssi_3216	wikidata	https://www.wikidata.org/wiki/Q17381945
norssi_3216	Kansallisbiografia	http://www.kansallisbiografia.fi/kb/artikkeli/3982
norssi_6666	wikidata	https://www.wikidata.org/wiki/Q5396984
norssi_6666	image	http://commons.wikimedia.org/wiki/Special:FilePath/Kim%20Kuusi.jpg
norssi_7400	wikidata	https://www.wikidata.org/wiki/Q13569897
norssi_7400	image	http://commons.wikimedia.org/wiki/Special:FilePath/Janne%20Kuusi.jpg
norssi_6243	wikidata	https://www.wikidata.org/wiki/Q11869945
norssi_1799	wikidata	https://www.wikidata.org/wiki/Q20913855
norssi_1799	Kansallisbiografia	http://www.kansallisbiografia.fi/kb/artikkeli/2026
norssi_2663	wikidata	https://www.wikidata.org/wiki/Q11874061
norssi_7176	wikidata	https://www.wikidata.org/wiki/Q16981430
norssi_7628	wikidata	https://www.wikidata.org/wiki/Q16981524
norssi_7666	wikidata	https://www.wikidata.org/wiki/Q18706423
norssi_4663	wikidata	https://www.wikidata.org/wiki/Q11869946
norssi_4663	image	http://commons.wikimedia.org/wiki/Special:FilePath/Kari%20lagerspetz.JPG
norssi_4663	VIAF	https://viaf.org/viaf/22943575
norssi_6097	wikidata	https://www.wikidata.org/wiki/Q6672862
norssi_2603	wikidata	https://www.wikidata.org/wiki/Q17128185
norssi_3707	wikidata	https://www.wikidata.org/wiki/Q17382127
norssi_10190	wikidata	https://www.wikidata.org/wiki/Q16984746
norssi_2666	wikidata	https://www.wikidata.org/wiki/Q5406090
norssi_2819	wikidata	https://www.wikidata.org/wiki/Q11864690
norssi_2064	wikidata	https://www.wikidata.org/wiki/Q17382115
norssi_7982	wikidata	https://www.wikidata.org/wiki/Q11885479
norssi_3967	wikidata	https://www.wikidata.org/wiki/Q17382192
norssi_3596	wikidata	https://www.wikidata.org/wiki/Q466399
norssi_5853	wikidata	https://www.wikidata.org/wiki/Q11896957
norssi_3030	wikidata	https://www.wikidata.org/wiki/Q18958153
norssi_5216	wikidata	https://www.wikidata.org/wiki/Q20249602
norssi_5300	wikidata	https://www.wikidata.org/wiki/Q11851972
norssi_5300	image	http://commons.wikimedia.org/wiki/Special:FilePath/Anto%20Leikola.jpg
norssi_5300	Kansallisbiografia	http://www.kansallisbiografia.fi/kb/artikkeli/8762
norssi_1416	wikidata	https://www.wikidata.org/wiki/Q765510
norssi_1416	image	http://commons.wikimedia.org/wiki/Special:FilePath/Yrj%C3%B6%20Leino%20outside%20the%20parliament.jpg
norssi_1416	VIAF	https://viaf.org/viaf/69730693
norssi_1416	Kansallisbiografia	http://www.kansallisbiografia.fi/kb/artikkeli/779
norssi_6548	wikidata	https://www.wikidata.org/wiki/Q16983572
norssi_6548	image	http://commons.wikimedia.org/wiki/Special:FilePath/Toimittaja%20Eino%20Leino.jpg
norssi_6548	VIAF	https://viaf.org/viaf/53893375
norssi_2409	wikidata	https://www.wikidata.org/wiki/Q3701649
norssi_2409	image	http://commons.wikimedia.org/wiki/Special:FilePath/Hannu%20Leminen.jpg
norssi_2409	VIAF	https://viaf.org/viaf/90481651
norssi_2409	Kansallisbiografia	http://www.kansallisbiografia.fi/kb/artikkeli/5049
norssi_1085	wikidata	https://www.wikidata.org/wiki/Q13586011
norssi_1085	image	http://commons.wikimedia.org/wiki/Special:FilePath/F.%20H.%20Lilius%28hovr%C3%A4ttspresident%2C%20senator%29.jpg
norssi_1085	Kansallisbiografia	http://www.kansallisbiografia.fi/kb/artikkeli/2034
norssi_5144	wikidata	https://www.wikidata.org/wiki/Q11887525
norssi_5144	image	http://commons.wikimedia.org/wiki/Special:FilePath/PerttiLindfors.jpg
norssi_877	wikidata	https://www.wikidata.org/wiki/Q12806239
norssi_877	Kansallisbiografia	http://www.kansallisbiografia.fi/kb/artikkeli/7818
norssi_5107	wikidata	https://www.wikidata.org/wiki/Q11900762
norssi_5107	VIAF	https://viaf.org/viaf/39390033
norssi_1757	wikidata	https://www.wikidata.org/wiki/Q17382274
norssi_1251	wikidata	https://www.wikidata.org/wiki/Q20249474
norssi_1087	wikidata	https://www.wikidata.org/wiki/Q11902480
norssi_1087	Kansallisbiografia	http://www.kansallisbiografia.fi/kb/artikkeli/6856
norssi_3113	wikidata	https://www.wikidata.org/wiki/Q17382283
norssi_3113	VIAF	https://viaf.org/viaf/268757648
norssi_3113	Kansallisbiografia	http://www.kansallisbiografia.fi/kb/artikkeli/8501
norssi_4709	wikidata	https://www.wikidata.org/wiki/Q2757755
norssi_4709	VIAF	https://viaf.org/viaf/111191578
norssi_4709	Kansallisbiografia	http://www.kansallisbiografia.fi/kb/artikkeli/8376
norssi_4941	wikidata	https://www.wikidata.org/wiki/Q19706266
norssi_5044	wikidata	https://www.wikidata.org/wiki/Q3206197
norssi_5044	image	http://commons.wikimedia.org/wiki/Special:FilePath/Lundqvist%20jarl.jpg
norssi_5044	Kansallisbiografia	http://www.kansallisbiografia.fi/kb/artikkeli/7681
norssi_1672	wikidata	https://www.wikidata.org/wiki/Q11890875
norssi_5257	wikidata	https://www.wikidata.org/wiki/Q19706439
norssi_5257	image	http://commons.wikimedia.org/wiki/Special:FilePath/Olli%20Lyytik%C3%A4inen%2C%20Finnish%20magazine%20publisher%201959.jpg
norssi_3713	wikidata	https://www.wikidata.org/wiki/Q11868887
norssi_3713	VIAF	https://viaf.org/viaf/20849350
norssi_3713	Kansallisbiografia	http://www.kansallisbiografia.fi/kb/artikkeli/7641
norssi_3308	wikidata	https://www.wikidata.org/wiki/Q20252216
norssi_3308	Kansallisbiografia	http://www.kansallisbiografia.fi/kb/artikkeli/2180
norssi_3804	wikidata	https://www.wikidata.org/wiki/Q20250061
norssi_3804	Kansallisbiografia	http://www.kansallisbiografia.fi/kb/artikkeli/7263
norssi_4664	wikidata	https://www.wikidata.org/wiki/Q17382429
norssi_704	wikidata	https://www.wikidata.org/wiki/Q2404912
norssi_704	image	http://commons.wikimedia.org/wiki/Special:FilePath/Malmberg%20lauri.jpg
norssi_704	VIAF	https://viaf.org/viaf/43323624
norssi_704	Kansallisbiografia	http://www.kansallisbiografia.fi/kb/artikkeli/781
norssi_3342	wikidata	https://www.wikidata.org/wiki/Q11900761
norssi_3342	Kansallisbiografia	http://www.kansallisbiografia.fi/kb/artikkeli/7866
norssi_2291	wikidata	https://www.wikidata.org/wiki/Q15894858
norssi_6209	wikidata	https://www.wikidata.org/wiki/Q4356150
norssi_6209	VIAF	https://viaf.org/viaf/9979027
norssi_581	wikidata	https://www.wikidata.org/wiki/Q11857785
norssi_581	image	http://commons.wikimedia.org/wiki/Special:FilePath/Emil%20Mantila.jpg
norssi_6163	wikidata	https://www.wikidata.org/wiki/Q25452345
norssi_6514	wikidata	https://www.wikidata.org/wiki/Q19933237
norssi_6514	VIAF	https://viaf.org/viaf/3200781
norssi_7728	wikidata	https://www.wikidata.org/wiki/Q1910716
norssi_4361	wikidata	https://www.wikidata.org/wiki/Q20252269
norssi_4732	wikidata	https://www.wikidata.org/wiki/Q11858366
norssi_4732	Kansallisbiografia	http://www.kansallisbiografia.fi/kb/artikkeli/1078
norssi_1942	wikidata	https://www.wikidata.org/wiki/Q11864634
norssi_1942	Kansallisbiografia	http://www.kansallisbiografia.fi/kb/artikkeli/2042
norssi_3115	wikidata	https://www.wikidata.org/wiki/Q11875563
norssi_3115	Kansallisbiografia	http://www.kansallisbiografia.fi/kb/artikkeli/7553
norssi_7181	wikidata	https://www.wikidata.org/wiki/Q28028744
norssi_924	wikidata	https://www.wikidata.org/wiki/Q303051
norssi_924	image	http://commons.wikimedia.org/wiki/Special:FilePath/Aarre%20Merikanto.jpg
norssi_924	VIAF	https://viaf.org/viaf/54336386
norssi_924	Kansallisbiografia	http://www.kansallisbiografia.fi/kb/artikkeli/1439
norssi_696	wikidata	https://www.wikidata.org/wiki/Q11875089
norssi_2023	wikidata	https://www.wikidata.org/wiki/Q11858368
norssi_618	wikidata	https://www.wikidata.org/wiki/Q20249645
norssi_618	Kansallisbiografia	http://www.kansallisbiografia.fi/kb/artikkeli/6857
norssi_741	wikidata	https://www.wikidata.org/wiki/Q335468
norssi_741	image	http://commons.wikimedia.org/wiki/Special:FilePath/Otto-Iivari%20Meurman.jpg
norssi_741	VIAF	https://viaf.org/viaf/137116297
norssi_741	ULAN	http://vocab.getty.edu/page/ulan/500248896
norssi_741	Kansallisbiografia	http://www.kansallisbiografia.fi/kb/artikkeli/1419
norssi_926	wikidata	https://www.wikidata.org/wiki/Q11885298
norssi_926	VIAF	https://viaf.org/viaf/305327100
norssi_926	Kansallisbiografia	http://www.kansallisbiografia.fi/kb/artikkeli/7407
norssi_7440	wikidata	https://www.wikidata.org/wiki/Q16988469
norssi_7440	VIAF	https://viaf.org/viaf/66657358
norssi_794	wikidata	https://www.wikidata.org/wiki/Q20249660
norssi_4712	wikidata	https://www.wikidata.org/wiki/Q20487728
norssi_1592	wikidata	https://www.wikidata.org/wiki/Q17382640
norssi_4713	wikidata	https://www.wikidata.org/wiki/Q3900583
norssi_8233	wikidata	https://www.wikidata.org/wiki/Q16988680
norssi_8233	image	http://commons.wikimedia.org/wiki/Special:FilePath/Matti%20Myllykoski.jpg
norssi_8232	wikidata	https://www.wikidata.org/wiki/Q16988714
norssi_8232	image	http://commons.wikimedia.org/wiki/Special:FilePath/PMyllykoski.jpg
norssi_4122	wikidata	https://www.wikidata.org/wiki/Q11875093
norssi_7339	wikidata	https://www.wikidata.org/wiki/Q27588803
norssi_7339	VIAF	https://viaf.org/viaf/18884899
norssi_3174	wikidata	https://www.wikidata.org/wiki/Q11852106
norssi_2293	wikidata	https://www.wikidata.org/wiki/Q11857153
norssi_2293	Kansallisbiografia	http://www.kansallisbiografia.fi/kb/artikkeli/5029
norssi_4484	wikidata	https://www.wikidata.org/wiki/Q11868056
norssi_4484	Kansallisbiografia	http://www.kansallisbiografia.fi/kb/artikkeli/1714
norssi_1322	wikidata	https://www.wikidata.org/wiki/Q17382553
norssi_1322	VIAF	https://viaf.org/viaf/204782304
norssi_462	wikidata	https://www.wikidata.org/wiki/Q17382557
norssi_462	Kansallisbiografia	http://www.kansallisbiografia.fi/kb/artikkeli/2050
norssi_3390	wikidata	https://www.wikidata.org/wiki/Q20252411
norssi_3808	wikidata	https://www.wikidata.org/wiki/Q20252409
norssi_2685	wikidata	https://www.wikidata.org/wiki/Q11864637
norssi_849	wikidata	https://www.wikidata.org/wiki/Q8516170
norssi_849	VIAF	https://viaf.org/viaf/78454775
norssi_2870	wikidata	https://www.wikidata.org/wiki/Q16989389
norssi_3271	wikidata	https://www.wikidata.org/wiki/Q11852646
norssi_3271	Kansallisbiografia	http://www.kansallisbiografia.fi/kb/artikkeli/7016
norssi_6450	wikidata	https://www.wikidata.org/wiki/Q16989389
norssi_7405	wikidata	https://www.wikidata.org/wiki/Q16989389
norssi_5459	wikidata	https://www.wikidata.org/wiki/Q21016780
norssi_353	wikidata	https://www.wikidata.org/wiki/Q11851103
norssi_353	Kansallisbiografia	http://www.kansallisbiografia.fi/kb/artikkeli/6819
norssi_2545	wikidata	https://www.wikidata.org/wiki/Q17382752
norssi_2546	wikidata	https://www.wikidata.org/wiki/Q6008486
norssi_2546	VIAF	https://viaf.org/viaf/74577553
norssi_1169	wikidata	https://www.wikidata.org/wiki/Q21016798
norssi_4668	wikidata	https://www.wikidata.org/wiki/Q6006508
norssi_928	wikidata	https://www.wikidata.org/wiki/Q11852895
norssi_928	image	http://commons.wikimedia.org/wiki/Special:FilePath/ArtturiNyyssonen.png
norssi_7925	wikidata	https://www.wikidata.org/wiki/Q16989528
norssi_7925	image	http://commons.wikimedia.org/wiki/Special:FilePath/Puka%20oinonen%201.jpg
norssi_1323	wikidata	https://www.wikidata.org/wiki/Q11881781
norssi_1323	image	http://commons.wikimedia.org/wiki/Special:FilePath/Mauno-Oittinen-1931.jpg
norssi_3391	wikidata	https://www.wikidata.org/wiki/Q1581636
norssi_3391	VIAF	https://viaf.org/viaf/282026640
norssi_1502	wikidata	https://www.wikidata.org/wiki/Q11864691
norssi_584	wikidata	https://www.wikidata.org/wiki/Q11857743
norssi_584	VIAF	https://viaf.org/viaf/22503926
norssi_6038	wikidata	https://www.wikidata.org/wiki/Q11864549
norssi_6038	VIAF	https://viaf.org/viaf/53334753
norssi_1766	wikidata	https://www.wikidata.org/wiki/Q202171
norssi_1766	image	http://commons.wikimedia.org/wiki/Special:FilePath/Paasikivi%20fi01%2006a.jpg
norssi_1766	VIAF	https://viaf.org/viaf/52484707
norssi_1766	Kansallisbiografia	http://www.kansallisbiografia.fi/kb/artikkeli/631
norssi_5309	wikidata	https://www.wikidata.org/wiki/Q27588814
norssi_2111	wikidata	https://www.wikidata.org/wiki/Q16163058
norssi_2111	image	http://commons.wikimedia.org/wiki/Special:FilePath/Arvo%20Paasivuori.jpg
norssi_3810	wikidata	https://www.wikidata.org/wiki/Q11865520
norssi_6106	wikidata	https://www.wikidata.org/wiki/Q11852187
norssi_1978	wikidata	https://www.wikidata.org/wiki/Q11881328
norssi_1978	VIAF	https://viaf.org/viaf/193572778
norssi_1978	VIAF	https://viaf.org/viaf/193572778
norssi_958	wikidata	https://www.wikidata.org/wiki/Q16897765
norssi_958	Kansallisbiografia	http://www.kansallisbiografia.fi/kb/artikkeli/784
norssi_1265	wikidata	https://www.wikidata.org/wiki/Q3268950
norssi_1265	image	http://commons.wikimedia.org/wiki/Special:FilePath/Aaro%20Pajari.jpg
norssi_1265	VIAF	https://viaf.org/viaf/75226304
norssi_1265	Kansallisbiografia	http://www.kansallisbiografia.fi/kb/artikkeli/7687
norssi_7381	wikidata	https://www.wikidata.org/wiki/Q11867673
norssi_7381	image	http://commons.wikimedia.org/wiki/Special:FilePath/Jukka-Pekka%20Palo.jpg
norssi_4200	wikidata	https://www.wikidata.org/wiki/Q10856590
norssi_3812	wikidata	https://www.wikidata.org/wiki/Q22133152
norssi_5356	wikidata	https://www.wikidata.org/wiki/Q3742920
norssi_5356	image	http://commons.wikimedia.org/wiki/Special:FilePath/Eero%20Paloheimo.jpg
norssi_5356	VIAF	https://viaf.org/viaf/23415276
norssi_989	wikidata	https://www.wikidata.org/wiki/Q5403228
norssi_5881	wikidata	https://www.wikidata.org/wiki/Q11887172
norssi_5881	VIAF	https://viaf.org/viaf/277752090
norssi_2499	wikidata	https://www.wikidata.org/wiki/Q354365
norssi_2499	image	http://commons.wikimedia.org/wiki/Special:FilePath/Henry%20Parland.jpg
norssi_2499	VIAF	https://viaf.org/viaf/41983012
norssi_2499	Kansallisbiografia	http://www.kansallisbiografia.fi/kb/artikkeli/5587
norssi_6107	wikidata	https://www.wikidata.org/wiki/Q2404090
norssi_6107	VIAF	https://viaf.org/viaf/92345487
norssi_2298	wikidata	https://www.wikidata.org/wiki/Q17382851
norssi_9444	wikidata	https://www.wikidata.org/wiki/Q2114310
norssi_6108	wikidata	https://www.wikidata.org/wiki/Q11871551
norssi_5495	wikidata	https://www.wikidata.org/wiki/Q22133153
norssi_4393	wikidata	https://www.wikidata.org/wiki/Q23040784
norssi_4393	Kansallisbiografia	http://www.kansallisbiografia.fi/kb/artikkeli/7093
norssi_1175	wikidata	https://www.wikidata.org/wiki/Q11861894
norssi_6379	wikidata	https://www.wikidata.org/wiki/Q16989728
norssi_6379	VIAF	https://viaf.org/viaf/273025714
norssi_1176	wikidata	https://www.wikidata.org/wiki/Q21131678
norssi_4995	wikidata	https://www.wikidata.org/wiki/Q505511
norssi_4995	image	http://commons.wikimedia.org/wiki/Special:FilePath/Matti%20J%C3%A4rvinen.jpg
norssi_4995	VIAF	https://viaf.org/viaf/308210157
norssi_4995	Kansallisbiografia	http://www.kansallisbiografia.fi/kb/artikkeli/1790
norssi_2251	wikidata	https://www.wikidata.org/wiki/Q11866198
norssi_2251	Kansallisbiografia	http://www.kansallisbiografia.fi/kb/artikkeli/4981
norssi_3235	wikidata	https://www.wikidata.org/wiki/Q23039930
norssi_3235	VIAF	https://viaf.org/viaf/285966598
norssi_4436	wikidata	https://www.wikidata.org/wiki/Q16989765
norssi_4436	VIAF	https://viaf.org/viaf/22187091
norssi_7037	wikidata	https://www.wikidata.org/wiki/Q16989769
norssi_7037	image	http://commons.wikimedia.org/wiki/Special:FilePath/Mikkoperkoila6.jpg
norssi_107	wikidata	https://www.wikidata.org/wiki/Q17382917
norssi_107	image	http://commons.wikimedia.org/wiki/Special:FilePath/Mattipesonen.jpg
norssi_1847	wikidata	https://www.wikidata.org/wiki/Q11884393
norssi_1847	VIAF	https://viaf.org/viaf/54543101
norssi_1847	Kansallisbiografia	http://www.kansallisbiografia.fi/kb/artikkeli/6888
norssi_2452	wikidata	https://www.wikidata.org/wiki/Q2018214
norssi_2452	image	http://commons.wikimedia.org/wiki/Special:FilePath/OlaviPesonen.jpg
norssi_2452	VIAF	https://viaf.org/viaf/42893282
norssi_3124	wikidata	https://www.wikidata.org/wiki/Q17382922
norssi_2489	wikidata	https://www.wikidata.org/wiki/Q11868592
norssi_2033	wikidata	https://www.wikidata.org/wiki/Q18760117
norssi_2033	image	http://commons.wikimedia.org/wiki/Special:FilePath/Mauri-Pohto-1965.jpg
norssi_2033	Kansallisbiografia	http://www.kansallisbiografia.fi/kb/artikkeli/6890
norssi_3394	wikidata	https://www.wikidata.org/wiki/Q11887379
norssi_3394	VIAF	https://viaf.org/viaf/90819414
norssi_3394	Kansallisbiografia	http://www.kansallisbiografia.fi/kb/artikkeli/8264
norssi_3125	wikidata	https://www.wikidata.org/wiki/Q4357150
norssi_3125	image	http://commons.wikimedia.org/wiki/Special:FilePath/Risto%20Olli%20Petter%20Puhakka.jpg
norssi_9931	wikidata	https://www.wikidata.org/wiki/Q1973529
norssi_9931	VIAF	https://viaf.org/viaf/62737832
norssi_3044	wikidata	https://www.wikidata.org/wiki/Q11865524
norssi_1432	wikidata	https://www.wikidata.org/wiki/Q23039973
norssi_3127	wikidata	https://www.wikidata.org/wiki/Q17383089
norssi_509	wikidata	https://www.wikidata.org/wiki/Q11856908
norssi_4600	wikidata	https://www.wikidata.org/wiki/Q6162970
norssi_4600	image	http://commons.wikimedia.org/wiki/Special:FilePath/Lasse%20poysti.jpg
norssi_4600	VIAF	https://viaf.org/viaf/14817970
norssi_4600	Kansallisbiografia	http://www.kansallisbiografia.fi/kb/artikkeli/1130
norssi_4875	wikidata	https://www.wikidata.org/wiki/Q1355118
norssi_4875	VIAF	https://viaf.org/viaf/11149900
norssi_4875	Kansallisbiografia	http://www.kansallisbiografia.fi/kb/artikkeli/7537
norssi_5146	wikidata	https://www.wikidata.org/wiki/Q4391113
norssi_5579	wikidata	https://www.wikidata.org/wiki/Q16990000
norssi_6319	wikidata	https://www.wikidata.org/wiki/Q11886636
norssi_6319	image	http://commons.wikimedia.org/wiki/Special:FilePath/Panu%20Rajala3.jpg
norssi_6319	VIAF	https://viaf.org/viaf/36938288
norssi_1229	wikidata	https://www.wikidata.org/wiki/Q11862032
norssi_1229	image	http://commons.wikimedia.org/wiki/Special:FilePath/Helge%20Ranin.jpg
norssi_7184	wikidata	https://www.wikidata.org/wiki/Q1910640
norssi_7184	image	http://commons.wikimedia.org/wiki/Special:FilePath/Mattirantanen3.JPG
norssi_7184	VIAF	https://viaf.org/viaf/42034819
norssi_1363	wikidata	https://www.wikidata.org/wiki/Q9384344
norssi_1434	wikidata	https://www.wikidata.org/wiki/Q17383192
norssi_1852	wikidata	https://www.wikidata.org/wiki/Q17383195
norssi_4629	wikidata	https://www.wikidata.org/wiki/Q433592
norssi_4629	image	http://commons.wikimedia.org/wiki/Special:FilePath/Rautavaara%20sep%202003%20helsinki.JPG
norssi_4629	VIAF	https://viaf.org/viaf/89611830
norssi_4629	Kansallisbiografia	http://www.kansallisbiografia.fi/kb/artikkeli/1512
norssi_7770	wikidata	https://www.wikidata.org/wiki/Q372494
norssi_7770	Kansallisbiografia	http://www.kansallisbiografia.fi/kb/artikkeli/8702
norssi_110	wikidata	https://www.wikidata.org/wiki/Q11856620
norssi_110	VIAF	https://viaf.org/viaf/27453202
norssi_110	Kansallisbiografia	http://www.kansallisbiografia.fi/kb/artikkeli/7027
norssi_3614	wikidata	https://www.wikidata.org/wiki/Q17383238
norssi_3614	VIAF	https://viaf.org/viaf/294516594
norssi_1045	wikidata	https://www.wikidata.org/wiki/Q17383248
norssi_1045	image	http://commons.wikimedia.org/wiki/Special:FilePath/Ilmari%20relander.jpg
norssi_7771	wikidata	https://www.wikidata.org/wiki/Q984126
norssi_7771	image	http://commons.wikimedia.org/wiki/Special:FilePath/Mitro%20Repo.jpg
norssi_6778	wikidata	https://www.wikidata.org/wiki/Q11861392
norssi_5027	wikidata	https://www.wikidata.org/wiki/Q23040888
norssi_1272	wikidata	https://www.wikidata.org/wiki/Q6213892
norssi_1272	image	http://commons.wikimedia.org/wiki/Special:FilePath/Joel%20Rinne.jpg
norssi_1272	VIAF	https://viaf.org/viaf/308178206
norssi_1272	Kansallisbiografia	http://www.kansallisbiografia.fi/kb/artikkeli/8795
norssi_9628	wikidata	https://www.wikidata.org/wiki/Q16990134
norssi_1605	wikidata	https://www.wikidata.org/wiki/Q11890495
norssi_7554	wikidata	https://www.wikidata.org/wiki/Q18633585
norssi_7554	VIAF	https://viaf.org/viaf/30974007
norssi_1777	wikidata	https://www.wikidata.org/wiki/Q11857546
norssi_79	wikidata	https://www.wikidata.org/wiki/Q3434114
norssi_3408	wikidata	https://www.wikidata.org/wiki/Q5488754
norssi_5243	wikidata	https://www.wikidata.org/wiki/Q22133160
norssi_5727	wikidata	https://www.wikidata.org/wiki/Q11867019
norssi_2213	wikidata	https://www.wikidata.org/wiki/Q17383374
norssi_2213	VIAF	https://viaf.org/viaf/117366737
norssi_856	wikidata	https://www.wikidata.org/wiki/Q21144973
norssi_669	wikidata	https://www.wikidata.org/wiki/Q6084736
norssi_669	image	http://commons.wikimedia.org/wiki/Special:FilePath/Yrjo%20ruutu1930.jpg
norssi_669	VIAF	https://viaf.org/viaf/161079810
norssi_669	Kansallisbiografia	http://www.kansallisbiografia.fi/kb/artikkeli/5253
norssi_425	wikidata	https://www.wikidata.org/wiki/Q23040812
norssi_5223	wikidata	https://www.wikidata.org/wiki/Q6166442
norssi_5223	image	http://commons.wikimedia.org/wiki/Special:FilePath/KariRydman.jpg
norssi_5223	VIAF	https://viaf.org/viaf/72466658
norssi_5223	Kansallisbiografia	http://www.kansallisbiografia.fi/kb/artikkeli/5097
norssi_1436	wikidata	https://www.wikidata.org/wiki/Q11849976
norssi_1436	VIAF	https://viaf.org/viaf/71775191
norssi_1124	wikidata	https://www.wikidata.org/wiki/Q11889556
norssi_1124	image	http://commons.wikimedia.org/wiki/Special:FilePath/Roine%20Rikhard%20Ryyn%C3%A4nen.jpg
norssi_4170	wikidata	https://www.wikidata.org/wiki/Q23040917
norssi_7608	wikidata	https://www.wikidata.org/wiki/Q5490691
norssi_7608	Kansallisbiografia	http://www.kansallisbiografia.fi/kb/artikkeli/2132
norssi_3431	wikidata	https://www.wikidata.org/wiki/Q11856794
norssi_5423	wikidata	https://www.wikidata.org/wiki/Q2718927
norssi_5423	image	http://commons.wikimedia.org/wiki/Special:FilePath/Pentti%20Saarikoski%201958.jpg
norssi_5423	VIAF	https://viaf.org/viaf/16985
norssi_5423	Kansallisbiografia	http://www.kansallisbiografia.fi/kb/artikkeli/705
norssi_1510	wikidata	https://www.wikidata.org/wiki/Q11852654
norssi_7107	wikidata	https://www.wikidata.org/wiki/Q11881095
norssi_708	wikidata	https://www.wikidata.org/wiki/Q1807684
norssi_1187	wikidata	https://www.wikidata.org/wiki/Q11902101
norssi_4477	wikidata	https://www.wikidata.org/wiki/Q23040930
norssi_2557	wikidata	https://www.wikidata.org/wiki/Q22696716
norssi_6047	wikidata	https://www.wikidata.org/wiki/Q503764
norssi_6047	image	http://commons.wikimedia.org/wiki/Special:FilePath/ErkkiOnerva1.jpg
norssi_6047	VIAF	https://viaf.org/viaf/14811391
norssi_6047	Kansallisbiografia	http://www.kansallisbiografia.fi/kb/artikkeli/1517
norssi_7548	wikidata	https://www.wikidata.org/wiki/Q16990350
norssi_6366	wikidata	https://www.wikidata.org/wiki/Q11867522
norssi_4954	wikidata	https://www.wikidata.org/wiki/Q16990357
norssi_4954	VIAF	https://viaf.org/viaf/73031323
norssi_6007	wikidata	https://www.wikidata.org/wiki/Q20856798
norssi_4676	wikidata	https://www.wikidata.org/wiki/Q20254113
norssi_5730	wikidata	https://www.wikidata.org/wiki/Q366856
norssi_5730	VIAF	https://viaf.org/viaf/122192310
norssi_5730	Kansallisbiografia	http://www.kansallisbiografia.fi/kb/artikkeli/1115
norssi_4270	wikidata	https://www.wikidata.org/wiki/Q17383626
norssi_5131	wikidata	https://www.wikidata.org/wiki/Q23040949
norssi_4133	wikidata	https://www.wikidata.org/wiki/Q11893225
norssi_4133	VIAF	https://viaf.org/viaf/284174720
norssi_4133	Kansallisbiografia	http://www.kansallisbiografia.fi/kb/artikkeli/941
norssi_1537	wikidata	https://www.wikidata.org/wiki/Q4350973
norssi_1537	image	http://commons.wikimedia.org/wiki/Special:FilePath/The%20Katyn%20Massacre%2C%201940%20HU106202.jpg
norssi_1537	VIAF	https://viaf.org/viaf/309690403
norssi_1537	Kansallisbiografia	http://www.kansallisbiografia.fi/kb/artikkeli/6900
norssi_3830	wikidata	https://www.wikidata.org/wiki/Q11852579
norssi_3830	Kansallisbiografia	http://www.kansallisbiografia.fi/kb/artikkeli/7639
norssi_3936	wikidata	https://www.wikidata.org/wiki/Q23040044
norssi_4271	wikidata	https://www.wikidata.org/wiki/Q11868200
norssi_1010	wikidata	https://www.wikidata.org/wiki/Q11895522
norssi_1329	wikidata	https://www.wikidata.org/wiki/Q9384349
norssi_1329	Kansallisbiografia	http://www.kansallisbiografia.fi/kb/artikkeli/9275
norssi_7108	wikidata	https://www.wikidata.org/wiki/Q19351584
norssi_7108	VIAF	https://viaf.org/viaf/49873762
norssi_5815	wikidata	https://www.wikidata.org/wiki/Q3430400
norssi_5815	VIAF	https://viaf.org/viaf/48383757
norssi_7317	wikidata	https://www.wikidata.org/wiki/Q16990526
norssi_7317	Kansallisbiografia	http://www.kansallisbiografia.fi/kb/artikkeli/7538
norssi_6494	wikidata	https://www.wikidata.org/wiki/Q11851872
norssi_6494	VIAF	https://viaf.org/viaf/75624281
norssi_2240	wikidata	https://www.wikidata.org/wiki/Q5410832
norssi_2240	Kansallisbiografia	http://www.kansallisbiografia.fi/kb/artikkeli/6903
norssi_1440	wikidata	https://www.wikidata.org/wiki/Q11853024
norssi_1440	Kansallisbiografia	http://www.kansallisbiografia.fi/kb/artikkeli/2085
norssi_3396	wikidata	https://www.wikidata.org/wiki/Q3129431
norssi_3396	VIAF	https://viaf.org/viaf/113676267
norssi_2721	wikidata	https://www.wikidata.org/wiki/Q22696789
norssi_1133	wikidata	https://www.wikidata.org/wiki/Q11896896
norssi_4181	wikidata	https://www.wikidata.org/wiki/Q23040805
norssi_247	wikidata	https://www.wikidata.org/wiki/Q17383878
norssi_2127	wikidata	https://www.wikidata.org/wiki/Q17383985
norssi_2221	wikidata	https://www.wikidata.org/wiki/Q17383983
norssi_2221	Kansallisbiografia	http://www.kansallisbiografia.fi/kb/artikkeli/8282
norssi_1037	wikidata	https://www.wikidata.org/wiki/Q18688621
norssi_3834	wikidata	https://www.wikidata.org/wiki/Q24287699
norssi_2128	wikidata	https://www.wikidata.org/wiki/Q17383900
norssi_3249	wikidata	https://www.wikidata.org/wiki/Q11865550
norssi_3249	VIAF	https://viaf.org/viaf/216122227
norssi_2312	wikidata	https://www.wikidata.org/wiki/Q23040063
norssi_2852	wikidata	https://www.wikidata.org/wiki/Q17384035
norssi_5035	wikidata	https://www.wikidata.org/wiki/Q23040821
norssi_2129	wikidata	https://www.wikidata.org/wiki/Q11886323
norssi_2129	VIAF	https://viaf.org/viaf/60092871
norssi_2129	Kansallisbiografia	http://www.kansallisbiografia.fi/kb/artikkeli/7145
norssi_2471	wikidata	https://www.wikidata.org/wiki/Q11858748
norssi_2471	VIAF	https://viaf.org/viaf/77418769
norssi_2471	Kansallisbiografia	http://www.kansallisbiografia.fi/kb/artikkeli/7214
norssi_3137	wikidata	https://www.wikidata.org/wiki/Q23040071
norssi_1615	wikidata	https://www.wikidata.org/wiki/Q20253073
norssi_1281	wikidata	https://www.wikidata.org/wiki/Q11851924
norssi_4680	wikidata	https://www.wikidata.org/wiki/Q5406446
norssi_1190	wikidata	https://www.wikidata.org/wiki/Q6961306
norssi_1190	image	http://commons.wikimedia.org/wiki/Special:FilePath/Paavo%20Susitaival%201935.jpg
norssi_1190	VIAF	https://viaf.org/viaf/60441970
norssi_1190	Kansallisbiografia	http://www.kansallisbiografia.fi/kb/artikkeli/5598
norssi_4722	wikidata	https://www.wikidata.org/wiki/Q16990711
norssi_672	wikidata	https://www.wikidata.org/wiki/Q11901453
norssi_751	wikidata	https://www.wikidata.org/wiki/Q11902947
norssi_6290	wikidata	https://www.wikidata.org/wiki/Q20891891
norssi_2148	wikidata	https://www.wikidata.org/wiki/Q23041001
norssi_860	wikidata	https://www.wikidata.org/wiki/Q679220
norssi_860	image	http://commons.wikimedia.org/wiki/Special:FilePath/1912%20Armas%20Taipale.jpg
norssi_860	Kansallisbiografia	http://www.kansallisbiografia.fi/kb/artikkeli/3653
norssi_1333	wikidata	https://www.wikidata.org/wiki/Q11875135
norssi_3941	wikidata	https://www.wikidata.org/wiki/Q16990765
norssi_3941	VIAF	https://viaf.org/viaf/28007150
norssi_1334	wikidata	https://www.wikidata.org/wiki/Q5395027
norssi_1334	image	http://commons.wikimedia.org/wiki/Special:FilePath/Takkula.jpg
norssi_6842	wikidata	https://www.wikidata.org/wiki/Q5480359
norssi_6842	VIAF	https://viaf.org/viaf/119430723
norssi_2973	wikidata	https://www.wikidata.org/wiki/Q18688633
norssi_2973	Kansallisbiografia	http://www.kansallisbiografia.fi/kb/artikkeli/7360
norssi_7654	wikidata	https://www.wikidata.org/wiki/Q11869239
norssi_6010	wikidata	https://www.wikidata.org/wiki/Q11875134
norssi_6785	wikidata	https://www.wikidata.org/wiki/Q3048878
norssi_6785	VIAF	https://viaf.org/viaf/34434555
norssi_1616	wikidata	https://www.wikidata.org/wiki/Q5491926
norssi_1616	Kansallisbiografia	http://www.kansallisbiografia.fi/kb/artikkeli/2093
norssi_5857	wikidata	https://www.wikidata.org/wiki/Q6204313
norssi_5857	VIAF	https://viaf.org/viaf/190919357
norssi_5857	Kansallisbiografia	http://www.kansallisbiografia.fi/kb/artikkeli/4001
norssi_366	wikidata	https://www.wikidata.org/wiki/Q17384191
norssi_366	Kansallisbiografia	http://www.kansallisbiografia.fi/kb/artikkeli/2095
norssi_3140	wikidata	https://www.wikidata.org/wiki/Q5388890
norssi_3140	image	http://commons.wikimedia.org/wiki/Special:FilePath/TawaststjernaNevanlinna.jpg
norssi_3140	VIAF	https://viaf.org/viaf/93084195
norssi_3140	Kansallisbiografia	http://www.kansallisbiografia.fi/kb/artikkeli/7038
norssi_320	wikidata	https://www.wikidata.org/wiki/Q18814960
norssi_7482	wikidata	https://www.wikidata.org/wiki/Q17384364
norssi_4640	wikidata	https://www.wikidata.org/wiki/Q11867419
norssi_4770	wikidata	https://www.wikidata.org/wiki/Q23040866
norssi_4770	Kansallisbiografia	http://www.kansallisbiografia.fi/kb/artikkeli/8287
norssi_1112	wikidata	https://www.wikidata.org/wiki/Q11875137
norssi_6284	wikidata	https://www.wikidata.org/wiki/Q11881356
norssi_2736	wikidata	https://www.wikidata.org/wiki/Q11890938
norssi_2736	VIAF	https://viaf.org/viaf/305954677
norssi_1879	wikidata	https://www.wikidata.org/wiki/Q23040097
norssi_3841	wikidata	https://www.wikidata.org/wiki/Q17384497
norssi_3841	Kansallisbiografia	http://www.kansallisbiografia.fi/kb/artikkeli/8010
norssi_2227	wikidata	https://www.wikidata.org/wiki/Q17384379
norssi_4506	wikidata	https://www.wikidata.org/wiki/Q17384574
norssi_198	wikidata	https://www.wikidata.org/wiki/Q11850387
norssi_3069	wikidata	https://www.wikidata.org/wiki/Q17384632
norssi_4235	wikidata	https://www.wikidata.org/wiki/Q23303916
norssi_5587	wikidata	https://www.wikidata.org/wiki/Q11852265
norssi_5587	VIAF	https://viaf.org/viaf/62215215
norssi_5432	wikidata	https://www.wikidata.org/wiki/Q17384718
norssi_1713	wikidata	https://www.wikidata.org/wiki/Q17384470
norssi_1713	Kansallisbiografia	http://www.kansallisbiografia.fi/kb/artikkeli/4751
norssi_5132	wikidata	https://www.wikidata.org/wiki/Q17384498
norssi_6715	wikidata	https://www.wikidata.org/wiki/Q16991174
norssi_2860	wikidata	https://www.wikidata.org/wiki/Q23040124
norssi_950	wikidata	https://www.wikidata.org/wiki/Q2512361
norssi_950	VIAF	https://viaf.org/viaf/13853540
norssi_950	Kansallisbiografia	http://www.kansallisbiografia.fi/kb/artikkeli/7231
norssi_301	wikidata	https://www.wikidata.org/wiki/Q11899885
norssi_2579	wikidata	https://www.wikidata.org/wiki/Q17384607
norssi_2579	VIAF	https://viaf.org/viaf/48381802
norssi_172	wikidata	https://www.wikidata.org/wiki/Q11865807
norssi_1531	wikidata	https://www.wikidata.org/wiki/Q11866521
norssi_1531	image	http://commons.wikimedia.org/wiki/Special:FilePath/Joel%20Vilkin%20muistolaatta.JPG
norssi_1531	image	http://commons.wikimedia.org/wiki/Special:FilePath/Joel%20Vilkin%20muistolaatta.JPG
norssi_5327	wikidata	https://www.wikidata.org/wiki/Q24287749
norssi_1885	wikidata	https://www.wikidata.org/wiki/Q11857205
norssi_2059	wikidata	https://www.wikidata.org/wiki/Q6226035
norssi_2059	VIAF	https://viaf.org/viaf/46427601
norssi_2059	Kansallisbiografia	http://www.kansallisbiografia.fi/kb/artikkeli/812
norssi_2266	wikidata	https://www.wikidata.org/wiki/Q11881743
norssi_2266	Kansallisbiografia	http://www.kansallisbiografia.fi/kb/artikkeli/2200
norssi_5957	wikidata	https://www.wikidata.org/wiki/Q4349937
norssi_5957	image	http://commons.wikimedia.org/wiki/Special:FilePath/Juhani%20Wahlsten.jpg
norssi_8527	wikidata	https://www.wikidata.org/wiki/Q513212
norssi_8527	image	http://commons.wikimedia.org/wiki/Special:FilePath/Ville%20Virtanen.jpg
norssi_8527	VIAF	https://viaf.org/viaf/26729024
norssi_3979	wikidata	https://www.wikidata.org/wiki/Q24287759
norssi_7353	wikidata	https://www.wikidata.org/wiki/Q16991291
norssi_7353	image	http://commons.wikimedia.org/wiki/Special:FilePath/H%C3%A4k%C3%A4%20Virtanen.jpg
norssi_6016	wikidata	https://www.wikidata.org/wiki/Q2329136
norssi_6016	image	http://commons.wikimedia.org/wiki/Special:FilePath/V%C3%A4in%C3%B6%20Voionmaa1.jpg
norssi_6016	VIAF	https://viaf.org/viaf/90636953
norssi_6016	Kansallisbiografia	http://www.kansallisbiografia.fi/kb/artikkeli/680
norssi_3322	wikidata	https://www.wikidata.org/wiki/Q11858452
norssi_3846	wikidata	https://www.wikidata.org/wiki/Q11865565
norssi_3846	VIAF	https://viaf.org/viaf/67769601
norssi_4685	wikidata	https://www.wikidata.org/wiki/Q18688655
norssi_4685	VIAF	https://viaf.org/viaf/94401129
norssi_4685	Kansallisbiografia	http://www.kansallisbiografia.fi/kb/artikkeli/8365
norssi_3453	wikidata	https://www.wikidata.org/wiki/Q11891984
norssi_1450	wikidata	https://www.wikidata.org/wiki/Q11866720
norssi_3849	wikidata	https://www.wikidata.org/wiki/Q25452774
norssi_1211	wikidata	https://www.wikidata.org/wiki/Q23041075
norssi_3370	wikidata	https://www.wikidata.org/wiki/Q25745810
norssi_4886	wikidata	https://www.wikidata.org/wiki/Q24845473
norssi_4276	wikidata	https://www.wikidata.org/wiki/Q23040144
norssi_2230	wikidata	https://www.wikidata.org/wiki/Q193111
norssi_2230	image	http://commons.wikimedia.org/wiki/Special:FilePath/Mika%20Waltari.jpg
norssi_2230	VIAF	https://viaf.org/viaf/111008219
norssi_2230	VIAF	https://viaf.org/viaf/111008219
norssi_2230	Kansallisbiografia	http://www.kansallisbiografia.fi/kb/artikkeli/702
norssi_1199	wikidata	https://www.wikidata.org/wiki/Q11857210
norssi_1199	image	http://commons.wikimedia.org/wiki/Special:FilePath/Eino%20Waronen.jpg
norssi_2233	wikidata	https://www.wikidata.org/wiki/Q5473526
norssi_2233	VIAF	https://viaf.org/viaf/15294444
norssi_2233	Kansallisbiografia	http://www.kansallisbiografia.fi/kb/artikkeli/7218
norssi_83	wikidata	https://www.wikidata.org/wiki/Q5494709
norssi_200	wikidata	https://www.wikidata.org/wiki/Q17384831
norssi_200	VIAF	https://viaf.org/viaf/7366861
norssi_1290	wikidata	https://www.wikidata.org/wiki/Q1779747
norssi_1290	Kansallisbiografia	http://www.kansallisbiografia.fi/kb/artikkeli/679
norssi_1295	wikidata	https://www.wikidata.org/wiki/Q26487778
norssi_3152	wikidata	https://www.wikidata.org/wiki/Q11881753
norssi_3152	Kansallisbiografia	http://www.kansallisbiografia.fi/kb/artikkeli/7394
norssi_681	wikidata	https://www.wikidata.org/wiki/Q1810115
norssi_681	image	http://commons.wikimedia.org/wiki/Special:FilePath/Aarno%20Yrj%C3%B6-Koskinen.jpg
norssi_129	wikidata	https://www.wikidata.org/wiki/Q11875150
norssi_129	VIAF	https://viaf.org/viaf/252604099
norssi_2379	wikidata	https://www.wikidata.org/wiki/Q5486097
norssi_2379	Kansallisbiografia	http://www.kansallisbiografia.fi/kb/artikkeli/7051
